20170829_1040010032658F00_2110231_jpeg_compressed.tif,OK
20170829_1040010032658F00_2112101_jpeg_compressed.tif,OK
20170829_1040010032658F00_2110323_jpeg_compressed.tif,OK
20170829_1040010032658F00_2110302_jpeg_compressed.tif,OK
20170829_1040010032658F00_2110211_jpeg_compressed.tif,OK
20170829_1040010032658F00_2110322_jpeg_compressed.tif,OK
20170829_1040010032658F00_2110121_jpeg_compressed.tif,OK
20170829_1040010032658F00_2110300_jpeg_compressed.tif,OK
20170829_1040010032658F00_2110031_jpeg_compressed.tif,OK
20170829_1040010032658F00_2110123_jpeg_compressed.tif,OK
20170829_1040010032658F00_2110301_jpeg_compressed.tif,OK
20170829_1040010032658F00_2110321_jpeg_compressed.tif,OK
20170829_1040010032658F00_2110033_jpeg_compressed.tif,OK
20170829_1040010032658F00_2110120_jpeg_compressed.tif,OK
20170829_1040010032658F00_2110213_jpeg_compressed.tif,OK
20170829_1040010032658F00_2110303_jpeg_compressed.tif,OK
20170829_1040010032658F00_2112011_jpeg_compressed.tif,OK
20170829_1040010032658F00_2112100_jpeg_compressed.tif,OK
20170829_1040010032658F00_2110233_jpeg_compressed.tif,OK
20170829_1040010032658F00_2110122_jpeg_compressed.tif,OK
20170829_1040010032658F00_2110320_jpeg_compressed.tif,OK
20170829_1040010032211E00_2112002_jpeg_compressed.tif,OK
20170829_1040010032211E00_2110223_jpeg_compressed.tif,OK
20170829_1040010032211E00_2110020_jpeg_compressed.tif,OK
20170829_1040010032211E00_2110200_jpeg_compressed.tif,OK
20170829_1040010032211E00_2110220_jpeg_compressed.tif,OK
20170829_1040010032211E00_2110022_jpeg_compressed.tif,OK
20170829_1040010032211E00_2112022_jpeg_compressed.tif,OK
20170829_1040010032211E00_2112020_jpeg_compressed.tif,OK
20170829_1040010032211E00_2110202_jpeg_compressed.tif,OK
20170829_1040010032211E00_2112003_jpeg_compressed.tif,OK
20170829_1040010032211E00_2110222_jpeg_compressed.tif,OK
20170829_1040010032211E00_2110021_jpeg_compressed.tif,OK
20170829_1040010032211E00_2110203_jpeg_compressed.tif,OK
20170829_1040010032211E00_2110221_jpeg_compressed.tif,OK
20170829_1040010032211E00_2110201_jpeg_compressed.tif,OK
20170829_1040010032211E00_2112001_jpeg_compressed.tif,OK
20170829_1040010032211E00_2112000_jpeg_compressed.tif,OK
20170829_1040010032211E00_2112023_jpeg_compressed.tif,OK
20170829_1040010032211E00_2110023_jpeg_compressed.tif,OK
20170829_10400100325CA800_2110231_jpeg_compressed.tif,OK
20170829_10400100325CA800_2112032_jpeg_compressed.tif,OK
20170829_10400100325CA800_2110223_jpeg_compressed.tif,OK
20170829_10400100325CA800_2110211_jpeg_compressed.tif,OK
20170829_10400100325CA800_2112021_jpeg_compressed.tif,OK
20170829_10400100325CA800_2110232_jpeg_compressed.tif,OK
20170829_10400100325CA800_2112030_jpeg_compressed.tif,OK
20170829_10400100325CA800_2112013_jpeg_compressed.tif,OK
20170829_10400100325CA800_2110031_jpeg_compressed.tif,OK
20170829_10400100325CA800_2112031_jpeg_compressed.tif,OK
20170829_10400100325CA800_2110210_jpeg_compressed.tif,OK
20170829_10400100325CA800_2110033_jpeg_compressed.tif,OK
20170829_10400100325CA800_2110213_jpeg_compressed.tif,OK
20170829_10400100325CA800_2112011_jpeg_compressed.tif,OK
20170829_10400100325CA800_2112033_jpeg_compressed.tif,OK
20170829_10400100325CA800_2110030_jpeg_compressed.tif,OK
20170829_10400100325CA800_2112012_jpeg_compressed.tif,OK
20170829_10400100325CA800_2110212_jpeg_compressed.tif,OK
20170829_10400100325CA800_2112003_jpeg_compressed.tif,OK
20170829_10400100325CA800_2110233_jpeg_compressed.tif,OK
20170829_10400100325CA800_2110021_jpeg_compressed.tif,OK
20170829_10400100325CA800_2110203_jpeg_compressed.tif,OK
20170829_10400100325CA800_2112010_jpeg_compressed.tif,OK
20170829_10400100325CA800_2110221_jpeg_compressed.tif,OK
20170829_10400100325CA800_2110032_jpeg_compressed.tif,OK
20170829_10400100325CA800_2110201_jpeg_compressed.tif,OK
20170829_10400100325CA800_2112001_jpeg_compressed.tif,OK
20170829_10400100325CA800_2112023_jpeg_compressed.tif,OK
20170829_10400100325CA800_2110023_jpeg_compressed.tif,OK
20170829_10400100325CA800_2110230_jpeg_compressed.tif,OK
20170829_1040010031C9C900_2112101_jpeg_compressed.tif,OK
20170829_1040010031C9C900_2112123_jpeg_compressed.tif,OK
20170829_1040010031C9C900_2110323_jpeg_compressed.tif,OK
20170829_1040010031C9C900_2110333_jpeg_compressed.tif,OK
20170829_1040010031C9C900_2112111_jpeg_compressed.tif,OK
20170829_1040010031C9C900_2112133_jpeg_compressed.tif,OK
20170829_1040010031C9C900_2110133_jpeg_compressed.tif,OK
20170829_1040010031C9C900_2110302_jpeg_compressed.tif,OK
20170829_1040010031C9C900_2110322_jpeg_compressed.tif,OK
20170829_1040010031C9C900_2110313_jpeg_compressed.tif,OK
20170829_1040010031C9C900_2110131_jpeg_compressed.tif,OK
20170829_1040010031C9C900_2112120_jpeg_compressed.tif,OK
20170829_1040010031C9C900_2110121_jpeg_compressed.tif,OK
20170829_1040010031C9C900_2110300_jpeg_compressed.tif,OK
20170829_1040010031C9C900_2112112_jpeg_compressed.tif,OK
20170829_1040010031C9C900_2110331_jpeg_compressed.tif,OK
20170829_1040010031C9C900_2110310_jpeg_compressed.tif,OK
20170829_1040010031C9C900_2110123_jpeg_compressed.tif,OK
20170829_1040010031C9C900_2110301_jpeg_compressed.tif,OK
20170829_1040010031C9C900_2112103_jpeg_compressed.tif,OK
20170829_1040010031C9C900_2110332_jpeg_compressed.tif,OK
20170829_1040010031C9C900_2112110_jpeg_compressed.tif,OK
20170829_1040010031C9C900_2112113_jpeg_compressed.tif,OK
20170829_1040010031C9C900_2110321_jpeg_compressed.tif,OK
20170829_1040010031C9C900_2110311_jpeg_compressed.tif,OK
20170829_1040010031C9C900_2112131_jpeg_compressed.tif,OK
20170829_1040010031C9C900_2110120_jpeg_compressed.tif,OK
20170829_1040010031C9C900_2110303_jpeg_compressed.tif,OK
20170829_1040010031C9C900_2112132_jpeg_compressed.tif,OK
20170829_1040010031C9C900_2110330_jpeg_compressed.tif,OK
20170829_1040010031C9C900_2112100_jpeg_compressed.tif,OK
20170829_1040010031C9C900_2112121_jpeg_compressed.tif,OK
20170829_1040010031C9C900_2112122_jpeg_compressed.tif,OK
20170829_1040010031C9C900_2112130_jpeg_compressed.tif,OK
20170829_1040010031C9C900_2112102_jpeg_compressed.tif,OK
20170829_1040010031C9C900_2110130_jpeg_compressed.tif,OK
20170829_1040010031C9C900_2110122_jpeg_compressed.tif,OK
20170829_1040010031C9C900_2110132_jpeg_compressed.tif,OK
20170829_1040010031C9C900_2110320_jpeg_compressed.tif,OK
20170829_1040010031C9C900_2110312_jpeg_compressed.tif,OK
20170829_1040010030BE1200_2110333_jpeg_compressed.tif,OK
20170829_1040010030BE1200_2112111_jpeg_compressed.tif,OK
20170829_1040010030BE1200_2112133_jpeg_compressed.tif,OK
20170829_1040010030BE1200_2110133_jpeg_compressed.tif,OK
20170829_1040010030BE1200_2111020_jpeg_compressed.tif,OK
20170829_1040010030BE1200_2110313_jpeg_compressed.tif,OK
20170829_1040010030BE1200_2111220_jpeg_compressed.tif,OK
20170829_1040010030BE1200_2110112_jpeg_compressed.tif,OK
20170829_1040010030BE1200_2111023_jpeg_compressed.tif,OK
20170829_1040010030BE1200_2113003_jpeg_compressed.tif,OK
20170829_1040010030BE1200_2110131_jpeg_compressed.tif,OK
20170829_1040010030BE1200_2112112_jpeg_compressed.tif,OK
20170829_1040010030BE1200_2110331_jpeg_compressed.tif,OK
20170829_1040010030BE1200_2110310_jpeg_compressed.tif,OK
20170829_1040010030BE1200_2113201_jpeg_compressed.tif,OK
20170829_1040010030BE1200_2111003_jpeg_compressed.tif,Problem
20170829_1040010030BE1200_2111022_jpeg_compressed.tif,OK
20170829_1040010030BE1200_2111021_jpeg_compressed.tif,OK
20170829_1040010030BE1200_2111201_jpeg_compressed.tif,OK
20170829_1040010030BE1200_2110332_jpeg_compressed.tif,OK
20170829_1040010030BE1200_2112110_jpeg_compressed.tif,OK
20170829_1040010030BE1200_2112113_jpeg_compressed.tif,OK
20170829_1040010030BE1200_2113200_jpeg_compressed.tif,OK
20170829_1040010030BE1200_2111200_jpeg_compressed.tif,OK
20170829_1040010030BE1200_2113020_jpeg_compressed.tif,OK
20170829_1040010030BE1200_2111221_jpeg_compressed.tif,OK
20170829_1040010030BE1200_2110311_jpeg_compressed.tif,OK
20170829_1040010030BE1200_2112131_jpeg_compressed.tif,OK
20170829_1040010030BE1200_2110113_jpeg_compressed.tif,OK
20170829_1040010030BE1200_2112132_jpeg_compressed.tif,OK
20170829_1040010030BE1200_2111203_jpeg_compressed.tif,OK
20170829_1040010030BE1200_2111202_jpeg_compressed.tif,OK
20170829_1040010030BE1200_2113022_jpeg_compressed.tif,OK
20170829_1040010030BE1200_2113001_jpeg_compressed.tif,OK
20170829_1040010030BE1200_2110330_jpeg_compressed.tif,OK
20170829_1040010030BE1200_2112130_jpeg_compressed.tif,OK
20170829_1040010030BE1200_2113000_jpeg_compressed.tif,OK
20170829_1040010030BE1200_2112310_jpeg_compressed.tif,Problem
20170829_1040010030BE1200_2111223_jpeg_compressed.tif,OK
20170829_1040010030BE1200_2112311_jpeg_compressed.tif,Problem
20170829_1040010030BE1200_2111222_jpeg_compressed.tif,OK
20170829_1040010030BE1200_2110130_jpeg_compressed.tif,OK
20170829_1040010030BE1200_2113002_jpeg_compressed.tif,OK
20170829_1040010030BE1200_2113023_jpeg_compressed.tif,OK
20170829_1040010030BE1200_2111002_jpeg_compressed.tif,Problem
20170829_1040010030BE1200_2110132_jpeg_compressed.tif,OK
20170829_1040010030BE1200_2113021_jpeg_compressed.tif,OK
20170829_1040010030BE1200_2110312_jpeg_compressed.tif,OK
20170830_105001000B920900_3020233_jpeg_compressed.tif,OK
20170830_105001000B920900_3020120_jpeg_compressed.tif,OK
20170830_105001000B920900_3020102_jpeg_compressed.tif,OK
20170830_105001000B920900_3020322_jpeg_compressed.tif,OK
20170830_105001000B920900_3020100_jpeg_compressed.tif,OK
20170830_105001000B920900_3020212_jpeg_compressed.tif,OK
20170830_105001000B920900_3020033_jpeg_compressed.tif,OK
20170830_105001000B920900_3020300_jpeg_compressed.tif,OK
20170830_105001000B920900_3020232_jpeg_compressed.tif,OK
20170830_105001000B920900_3020320_jpeg_compressed.tif,OK
20170830_105001000B920900_3020011_jpeg_compressed.tif,OK
20170830_105001000B920900_3020302_jpeg_compressed.tif,OK
20170830_105001000B920900_3020210_jpeg_compressed.tif,OK
20170830_105001000B920900_3020231_jpeg_compressed.tif,OK
20170830_105001000B920900_3020032_jpeg_compressed.tif,OK
20170830_105001000B920900_3020211_jpeg_compressed.tif,OK
20170830_105001000B920900_3020013_jpeg_compressed.tif,OK
20170830_105001000B920900_3020031_jpeg_compressed.tif,OK
20170830_105001000B920900_3020012_jpeg_compressed.tif,OK
20170830_105001000B920900_3020030_jpeg_compressed.tif,OK
20170830_105001000B920900_3020010_jpeg_compressed.tif,OK
20170830_105001000B920900_3020122_jpeg_compressed.tif,OK
20170830_105001000B920900_3020213_jpeg_compressed.tif,OK
20170830_105001000B920900_3020230_jpeg_compressed.tif,OK
20170830_105001000B920800_3020123_jpeg_compressed.tif,OK
20170830_105001000B920800_3020301_jpeg_compressed.tif,OK
20170830_105001000B920800_3020103_jpeg_compressed.tif,OK
20170830_105001000B920800_3020120_jpeg_compressed.tif,OK
20170830_105001000B920800_3020102_jpeg_compressed.tif,OK
20170830_105001000B920800_3020130_jpeg_compressed.tif,OK
20170830_105001000B920800_3020310_jpeg_compressed.tif,OK
20170830_105001000B920800_3020322_jpeg_compressed.tif,OK
20170830_105001000B920800_3020100_jpeg_compressed.tif,OK
20170830_105001000B920800_3020121_jpeg_compressed.tif,OK
20170830_105001000B920800_3020300_jpeg_compressed.tif,OK
20170830_105001000B920800_3020332_jpeg_compressed.tif,OK
20170830_105001000B920800_3020320_jpeg_compressed.tif,OK
20170830_105001000B920800_3020312_jpeg_compressed.tif,OK
20170830_105001000B920800_3020302_jpeg_compressed.tif,OK
20170830_105001000B920800_3020321_jpeg_compressed.tif,OK
20170830_105001000B920800_3020330_jpeg_compressed.tif,OK
20170830_105001000B920800_3020132_jpeg_compressed.tif,OK
20170830_105001000B920800_3020110_jpeg_compressed.tif,OK
20170830_105001000B920800_3020303_jpeg_compressed.tif,OK
20170830_105001000B920800_3020101_jpeg_compressed.tif,OK
20170830_105001000B920800_3020323_jpeg_compressed.tif,OK
20170830_105001000B920800_3020122_jpeg_compressed.tif,OK
20170830_105001000B920800_3020112_jpeg_compressed.tif,OK
20170830_105001000B920A00_3020233_jpeg_compressed.tif,OK
20170830_105001000B920A00_3020001_jpeg_compressed.tif,OK
20170830_105001000B920A00_3020201_jpeg_compressed.tif,OK
20170830_105001000B920A00_3020212_jpeg_compressed.tif,OK
20170830_105001000B920A00_3020033_jpeg_compressed.tif,OK
20170830_105001000B920A00_3020232_jpeg_compressed.tif,OK
20170830_105001000B920A00_3020021_jpeg_compressed.tif,OK
20170830_105001000B920A00_3020011_jpeg_compressed.tif,OK
20170830_105001000B920A00_3020210_jpeg_compressed.tif,OK
20170830_105001000B920A00_3020231_jpeg_compressed.tif,OK
20170830_105001000B920A00_3020032_jpeg_compressed.tif,OK
20170830_105001000B920A00_3020211_jpeg_compressed.tif,OK
20170830_105001000B920A00_3020203_jpeg_compressed.tif,OK
20170830_105001000B920A00_3020013_jpeg_compressed.tif,OK
20170830_105001000B920A00_3020031_jpeg_compressed.tif,OK
20170830_105001000B920A00_3020003_jpeg_compressed.tif,OK
20170830_105001000B920A00_3020012_jpeg_compressed.tif,OK
20170830_105001000B920A00_3020221_jpeg_compressed.tif,OK
20170830_105001000B920A00_3020030_jpeg_compressed.tif,OK
20170830_105001000B920A00_3020023_jpeg_compressed.tif,OK
20170830_105001000B920A00_3020010_jpeg_compressed.tif,OK
20170830_105001000B920A00_3020223_jpeg_compressed.tif,OK
20170830_105001000B920A00_3020213_jpeg_compressed.tif,OK
20170830_105001000B920A00_3020230_jpeg_compressed.tif,OK
20170830_103001006FCDF300_2113030_jpeg_compressed.tif,OK
20170830_103001006FCDF300_2111122_jpeg_compressed.tif,OK
20170830_103001006FCDF300_2113322_jpeg_compressed.tif,OK
20170830_103001006FCDF300_2111213_jpeg_compressed.tif,OK
20170830_103001006FCDF300_2113210_jpeg_compressed.tif,OK
20170830_103001006FCDF300_2111230_jpeg_compressed.tif,OK
20170830_103001006FCDF300_2131300_jpeg_compressed.tif,OK
20170830_103001006FCDF300_2111233_jpeg_compressed.tif,OK
20170830_103001006FCDF300_2131210_jpeg_compressed.tif,OK
20170830_103001006FCDF300_2113031_jpeg_compressed.tif,OK
20170830_103001006FCDF300_2131302_jpeg_compressed.tif,OK
20170830_103001006FCDF300_2111033_jpeg_compressed.tif,OK
20170830_103001006FCDF300_2111232_jpeg_compressed.tif,OK
20170830_103001006FCDF300_2131213_jpeg_compressed.tif,OK
20170830_103001006FCDF300_2113010_jpeg_compressed.tif,OK
20170830_103001006FCDF300_2113212_jpeg_compressed.tif,OK
20170830_103001006FCDF300_2131013_jpeg_compressed.tif,OK
20170830_103001006FCDF300_2131011_jpeg_compressed.tif,OK
20170830_103001006FCDF300_2113233_jpeg_compressed.tif,OK
20170830_103001006FCDF300_2131012_jpeg_compressed.tif,OK
20170830_103001006FCDF300_2131212_jpeg_compressed.tif,OK
20170830_103001006FCDF300_2113232_jpeg_compressed.tif,OK
20170830_103001006FCDF300_2131100_jpeg_compressed.tif,OK
20170830_103001006FCDF300_2113302_jpeg_compressed.tif,OK
20170830_103001006FCDF300_2113120_jpeg_compressed.tif,OK
20170830_103001006FCDF300_2113122_jpeg_compressed.tif,OK
20170830_103001006FCDF300_2111302_jpeg_compressed.tif,OK
20170830_103001006FCDF300_2113230_jpeg_compressed.tif,OK
20170830_103001006FCDF300_2131033_jpeg_compressed.tif,OK
20170830_103001006FCDF300_2113213_jpeg_compressed.tif,OK
20170830_103001006FCDF300_2113011_jpeg_compressed.tif,OK
20170830_103001006FCDF300_2131102_jpeg_compressed.tif,OK
20170830_103001006FCDF300_2113032_jpeg_compressed.tif,OK
20170830_103001006FCDF300_2131122_jpeg_compressed.tif,OK
20170830_103001006FCDF300_2131031_jpeg_compressed.tif,OK
20170830_103001006FCDF300_2113300_jpeg_compressed.tif,OK
20170830_103001006FCDF300_2113100_jpeg_compressed.tif,OK
20170830_103001006FCDF300_2113012_jpeg_compressed.tif,OK
20170830_103001006FCDF300_2111322_jpeg_compressed.tif,OK
20170830_103001006FCDF300_2131120_jpeg_compressed.tif,OK
20170830_103001006FCDF300_2113231_jpeg_compressed.tif,OK
20170830_103001006FCDF300_2111211_jpeg_compressed.tif,OK
20170830_103001006FCDF300_2113033_jpeg_compressed.tif,OK
20170830_103001006FCDF300_2131030_jpeg_compressed.tif,OK
20170830_103001006FCDF300_2131010_jpeg_compressed.tif,OK
20170830_103001006FCDF300_2131211_jpeg_compressed.tif,OK
20170830_103001006FCDF300_2113102_jpeg_compressed.tif,OK
20170830_103001006FCDF300_2111032_jpeg_compressed.tif,OK
20170830_103001006FCDF300_2113320_jpeg_compressed.tif,OK
20170830_103001006FCDF300_2113211_jpeg_compressed.tif,OK
20170830_103001006FCDF300_2111320_jpeg_compressed.tif,OK
20170830_103001006FCDF300_2111231_jpeg_compressed.tif,OK
20170830_103001006FCDF300_2111300_jpeg_compressed.tif,OK
20170830_103001006FCDF300_2111210_jpeg_compressed.tif,OK
20170830_103001006FCDF300_2113013_jpeg_compressed.tif,OK
20170830_103001006FCDF300_2131032_jpeg_compressed.tif,OK
20170830_103001006FCDF300_2111212_jpeg_compressed.tif,OK
20170830_103001006FAD6200_2131331_jpeg_compressed.tif,OK
20170830_103001006FAD6200_3020001_jpeg_compressed.tif,OK
20170830_103001006FAD6200_3020201_jpeg_compressed.tif,OK
20170830_103001006FAD6200_3020220_jpeg_compressed.tif,OK
20170830_103001006FAD6200_3020002_jpeg_compressed.tif,OK
20170830_103001006FAD6200_2131313_jpeg_compressed.tif,OK
20170830_103001006FAD6200_2131131_jpeg_compressed.tif,OK
20170830_103001006FAD6200_3020021_jpeg_compressed.tif,OK
20170830_103001006FAD6200_2131311_jpeg_compressed.tif,OK
20170830_103001006FAD6200_3020020_jpeg_compressed.tif,OK
20170830_103001006FAD6200_2131333_jpeg_compressed.tif,OK
20170830_103001006FAD6200_3020202_jpeg_compressed.tif,OK
20170830_103001006FAD6200_3020022_jpeg_compressed.tif,OK
20170830_103001006FAD6200_3020200_jpeg_compressed.tif,OK
20170830_103001006FAD6200_3020203_jpeg_compressed.tif,OK
20170830_103001006FAD6200_3020003_jpeg_compressed.tif,OK
20170830_103001006FAD6200_3020221_jpeg_compressed.tif,OK
20170830_103001006FAD6200_3020000_jpeg_compressed.tif,OK
20170830_103001006FAD6200_2131113_jpeg_compressed.tif,OK
20170830_103001006FAD6200_3020023_jpeg_compressed.tif,OK
20170830_103001006FAD6200_3020222_jpeg_compressed.tif,OK
20170830_103001006FAD6200_2131133_jpeg_compressed.tif,OK
20170830_103001006FAD6200_3020223_jpeg_compressed.tif,OK
20170830_103001006FAD6200_2131111_jpeg_compressed.tif,OK
20170830_103001006F884000_3000022_jpeg_compressed.tif,OK
20170830_103001006F884000_2113331_jpeg_compressed.tif,OK
20170830_103001006F884000_2111311_jpeg_compressed.tif,OK
20170830_103001006F884000_3000223_jpeg_compressed.tif,OK
20170830_103001006F884000_3000222_jpeg_compressed.tif,OK
20170830_103001006F884000_2131312_jpeg_compressed.tif,OK
20170830_103001006F884000_2113130_jpeg_compressed.tif,OK
20170830_103001006F884000_2111130_jpeg_compressed.tif,OK
20170830_103001006F884000_3020001_jpeg_compressed.tif,OK
20170830_103001006F884000_3002000_jpeg_compressed.tif,OK
20170830_103001006F884000_3020201_jpeg_compressed.tif,OK
20170830_103001006F884000_2113311_jpeg_compressed.tif,OK
20170830_103001006F884000_2111310_jpeg_compressed.tif,OK
20170830_103001006F884000_3000023_jpeg_compressed.tif,OK
20170830_103001006F884000_3002021_jpeg_compressed.tif,OK
20170830_103001006F884000_3000021_jpeg_compressed.tif,Problem
20170830_103001006F884000_3000202_jpeg_compressed.tif,OK
20170830_103001006F884000_2113333_jpeg_compressed.tif,OK
20170830_103001006F884000_3002001_jpeg_compressed.tif,OK
20170830_103001006F884000_3002201_jpeg_compressed.tif,OK
20170830_103001006F884000_2111132_jpeg_compressed.tif,OK
20170830_103001006F884000_3002202_jpeg_compressed.tif,OK
20170830_103001006F884000_2113132_jpeg_compressed.tif,OK
20170830_103001006F884000_2111313_jpeg_compressed.tif,OK
20170830_103001006F884000_2111331_jpeg_compressed.tif,OK
20170830_103001006F884000_3020002_jpeg_compressed.tif,OK
20170830_103001006F884000_2131313_jpeg_compressed.tif,OK
20170830_103001006F884000_3002003_jpeg_compressed.tif,OK
20170830_103001006F884000_2131112_jpeg_compressed.tif,OK
20170830_103001006F884000_3002002_jpeg_compressed.tif,OK
20170830_103001006F884000_3002023_jpeg_compressed.tif,OK
20170830_103001006F884000_3002022_jpeg_compressed.tif,OK
20170830_103001006F884000_2113332_jpeg_compressed.tif,OK
20170830_103001006F884000_2131110_jpeg_compressed.tif,OK
20170830_103001006F884000_2113313_jpeg_compressed.tif,OK
20170830_103001006F884000_2113133_jpeg_compressed.tif,OK
20170830_103001006F884000_2111131_jpeg_compressed.tif,Problem
20170830_103001006F884000_2113330_jpeg_compressed.tif,OK
20170830_103001006F884000_3002200_jpeg_compressed.tif,OK
20170830_103001006F884000_2131131_jpeg_compressed.tif,OK
20170830_103001006F884000_2113312_jpeg_compressed.tif,OK
20170830_103001006F884000_2111312_jpeg_compressed.tif,OK
20170830_103001006F884000_2131130_jpeg_compressed.tif,OK
20170830_103001006F884000_3002223_jpeg_compressed.tif,OK
20170830_103001006F884000_3020021_jpeg_compressed.tif,OK
20170830_103001006F884000_2111333_jpeg_compressed.tif,OK
20170830_103001006F884000_2113110_jpeg_compressed.tif,OK
20170830_103001006F884000_2113131_jpeg_compressed.tif,OK
20170830_103001006F884000_2113310_jpeg_compressed.tif,OK
20170830_103001006F884000_2131311_jpeg_compressed.tif,OK
20170830_103001006F884000_2131310_jpeg_compressed.tif,OK
20170830_103001006F884000_3000203_jpeg_compressed.tif,OK
20170830_103001006F884000_3002203_jpeg_compressed.tif,OK
20170830_103001006F884000_3002020_jpeg_compressed.tif,OK
20170830_103001006F884000_3002222_jpeg_compressed.tif,OK
20170830_103001006F884000_3020020_jpeg_compressed.tif,OK
20170830_103001006F884000_3020202_jpeg_compressed.tif,OK
20170830_103001006F884000_3020022_jpeg_compressed.tif,OK
20170830_103001006F884000_3020200_jpeg_compressed.tif,OK
20170830_103001006F884000_2113111_jpeg_compressed.tif,OK
20170830_103001006F884000_2111133_jpeg_compressed.tif,OK
20170830_103001006F884000_2111332_jpeg_compressed.tif,OK
20170830_103001006F884000_3020203_jpeg_compressed.tif,OK
20170830_103001006F884000_2111330_jpeg_compressed.tif,OK
20170830_103001006F884000_3020003_jpeg_compressed.tif,OK
20170830_103001006F884000_3020000_jpeg_compressed.tif,OK
20170830_103001006F884000_2113113_jpeg_compressed.tif,OK
20170830_103001006F884000_3000201_jpeg_compressed.tif,OK
20170830_103001006F884000_2131113_jpeg_compressed.tif,OK
20170830_103001006F884000_3000221_jpeg_compressed.tif,OK
20170830_103001006F884000_2113112_jpeg_compressed.tif,OK
20170830_103001006F884000_3020023_jpeg_compressed.tif,OK
20170830_103001006F884000_3000020_jpeg_compressed.tif,Problem
20170830_103001006F884000_2131132_jpeg_compressed.tif,OK
20170830_103001006F884000_3000220_jpeg_compressed.tif,OK
20170830_103001006F884000_2131133_jpeg_compressed.tif,OK
20170830_103001006F884000_3002221_jpeg_compressed.tif,OK
20170830_103001006F884000_3002220_jpeg_compressed.tif,OK
20170830_103001006F884000_3000200_jpeg_compressed.tif,OK
20170830_103001006F884000_2131111_jpeg_compressed.tif,OK
20170830_103001006F018C00_2113331_jpeg_compressed.tif,Problem
20170830_103001006F018C00_2111311_jpeg_compressed.tif,OK
20170830_103001006F018C00_2111122_jpeg_compressed.tif,OK
20170830_103001006F018C00_2113322_jpeg_compressed.tif,OK
20170830_103001006F018C00_2111301_jpeg_compressed.tif,OK
20170830_103001006F018C00_2131303_jpeg_compressed.tif,OK
20170830_103001006F018C00_2131312_jpeg_compressed.tif,OK
20170830_103001006F018C00_2113130_jpeg_compressed.tif,OK
20170830_103001006F018C00_2131300_jpeg_compressed.tif,OK
20170830_103001006F018C00_2131301_jpeg_compressed.tif,OK
20170830_103001006F018C00_2113123_jpeg_compressed.tif,OK
20170830_103001006F018C00_2113311_jpeg_compressed.tif,Problem
20170830_103001006F018C00_2111310_jpeg_compressed.tif,OK
20170830_103001006F018C00_2113333_jpeg_compressed.tif,Problem
20170830_103001006F018C00_2111132_jpeg_compressed.tif,OK
20170830_103001006F018C00_2131302_jpeg_compressed.tif,OK
20170830_103001006F018C00_2113132_jpeg_compressed.tif,OK
20170830_103001006F018C00_2111313_jpeg_compressed.tif,OK
20170830_103001006F018C00_2111331_jpeg_compressed.tif,OK
20170830_103001006F018C00_2131313_jpeg_compressed.tif,Problem
20170830_103001006F018C00_2131112_jpeg_compressed.tif,OK
20170830_103001006F018C00_2111123_jpeg_compressed.tif,OK
20170830_103001006F018C00_2113332_jpeg_compressed.tif,OK
20170830_103001006F018C00_2113101_jpeg_compressed.tif,OK
20170830_103001006F018C00_2131110_jpeg_compressed.tif,OK
20170830_103001006F018C00_2131100_jpeg_compressed.tif,OK
20170830_103001006F018C00_2131103_jpeg_compressed.tif,OK
20170830_103001006F018C00_2113313_jpeg_compressed.tif,Problem
20170830_103001006F018C00_2113302_jpeg_compressed.tif,OK
20170830_103001006F018C00_2113133_jpeg_compressed.tif,Problem
20170830_103001006F018C00_2113330_jpeg_compressed.tif,OK
20170830_103001006F018C00_2113120_jpeg_compressed.tif,OK
20170830_103001006F018C00_2113122_jpeg_compressed.tif,OK
20170830_103001006F018C00_2131101_jpeg_compressed.tif,OK
20170830_103001006F018C00_2131131_jpeg_compressed.tif,Problem
20170830_103001006F018C00_2111302_jpeg_compressed.tif,OK
20170830_103001006F018C00_2113312_jpeg_compressed.tif,OK
20170830_103001006F018C00_2111312_jpeg_compressed.tif,OK
20170830_103001006F018C00_2131123_jpeg_compressed.tif,OK
20170830_103001006F018C00_2131130_jpeg_compressed.tif,OK
20170830_103001006F018C00_2111321_jpeg_compressed.tif,OK
20170830_103001006F018C00_2111333_jpeg_compressed.tif,OK
20170830_103001006F018C00_2111323_jpeg_compressed.tif,OK
20170830_103001006F018C00_2131102_jpeg_compressed.tif,OK
20170830_103001006F018C00_2113110_jpeg_compressed.tif,OK
20170830_103001006F018C00_2113103_jpeg_compressed.tif,OK
20170830_103001006F018C00_2113131_jpeg_compressed.tif,Problem
20170830_103001006F018C00_2131122_jpeg_compressed.tif,OK
20170830_103001006F018C00_2113310_jpeg_compressed.tif,OK
20170830_103001006F018C00_2131311_jpeg_compressed.tif,Problem
20170830_103001006F018C00_2131310_jpeg_compressed.tif,OK
20170830_103001006F018C00_2113121_jpeg_compressed.tif,OK
20170830_103001006F018C00_2113300_jpeg_compressed.tif,OK
20170830_103001006F018C00_2113100_jpeg_compressed.tif,OK
20170830_103001006F018C00_2113111_jpeg_compressed.tif,OK
20170830_103001006F018C00_2111133_jpeg_compressed.tif,OK
20170830_103001006F018C00_2131121_jpeg_compressed.tif,OK
20170830_103001006F018C00_2111322_jpeg_compressed.tif,OK
20170830_103001006F018C00_2131120_jpeg_compressed.tif,OK
20170830_103001006F018C00_2111332_jpeg_compressed.tif,OK
20170830_103001006F018C00_2113321_jpeg_compressed.tif,OK
20170830_103001006F018C00_2111330_jpeg_compressed.tif,OK
20170830_103001006F018C00_2113323_jpeg_compressed.tif,OK
20170830_103001006F018C00_2113102_jpeg_compressed.tif,OK
20170830_103001006F018C00_2113303_jpeg_compressed.tif,OK
20170830_103001006F018C00_2113113_jpeg_compressed.tif,Problem
20170830_103001006F018C00_2131113_jpeg_compressed.tif,Problem
20170830_103001006F018C00_2113320_jpeg_compressed.tif,OK
20170830_103001006F018C00_2113112_jpeg_compressed.tif,OK
20170830_103001006F018C00_2111320_jpeg_compressed.tif,OK
20170830_103001006F018C00_2111300_jpeg_compressed.tif,OK
20170830_103001006F018C00_2131132_jpeg_compressed.tif,OK
20170830_103001006F018C00_2111303_jpeg_compressed.tif,OK
20170830_103001006F018C00_2131133_jpeg_compressed.tif,Problem
20170830_103001006F018C00_2131111_jpeg_compressed.tif,Problem
20170830_103001006F018C00_2113301_jpeg_compressed.tif,OK
20170830_103001006EB42900_3020233_jpeg_compressed.tif,OK
20170830_103001006EB42900_3020001_jpeg_compressed.tif,OK
20170830_103001006EB42900_3020201_jpeg_compressed.tif,OK
20170830_103001006EB42900_3020212_jpeg_compressed.tif,OK
20170830_103001006EB42900_3020033_jpeg_compressed.tif,OK
20170830_103001006EB42900_3020232_jpeg_compressed.tif,OK
20170830_103001006EB42900_3020021_jpeg_compressed.tif,OK
20170830_103001006EB42900_3020011_jpeg_compressed.tif,OK
20170830_103001006EB42900_3020210_jpeg_compressed.tif,OK
20170830_103001006EB42900_3020231_jpeg_compressed.tif,OK
20170830_103001006EB42900_3020032_jpeg_compressed.tif,OK
20170830_103001006EB42900_3020203_jpeg_compressed.tif,OK
20170830_103001006EB42900_3020013_jpeg_compressed.tif,OK
20170830_103001006EB42900_3020031_jpeg_compressed.tif,OK
20170830_103001006EB42900_3020003_jpeg_compressed.tif,OK
20170830_103001006EB42900_3020012_jpeg_compressed.tif,OK
20170830_103001006EB42900_3020221_jpeg_compressed.tif,OK
20170830_103001006EB42900_3020030_jpeg_compressed.tif,OK
20170830_103001006EB42900_3020023_jpeg_compressed.tif,OK
20170830_103001006EB42900_3020010_jpeg_compressed.tif,OK
20170830_103001006EB42900_3020223_jpeg_compressed.tif,OK
20170830_103001006EB42900_3020213_jpeg_compressed.tif,OK
20170830_103001006EB42900_3020230_jpeg_compressed.tif,OK
20170831_105001000B95E200_3020123_jpeg_compressed.tif,OK
20170831_105001000B95E200_3020301_jpeg_compressed.tif,OK
20170831_105001000B95E200_3002233_jpeg_compressed.tif,OK
20170831_105001000B95E200_3020103_jpeg_compressed.tif,OK
20170831_105001000B95E200_3020233_jpeg_compressed.tif,OK
20170831_105001000B95E200_3020120_jpeg_compressed.tif,OK
20170831_105001000B95E200_3020102_jpeg_compressed.tif,OK
20170831_105001000B95E200_3002321_jpeg_compressed.tif,OK
20170831_105001000B95E200_3020130_jpeg_compressed.tif,OK
20170831_105001000B95E200_3020310_jpeg_compressed.tif,OK
20170831_105001000B95E200_3020322_jpeg_compressed.tif,OK
20170831_105001000B95E200_3020100_jpeg_compressed.tif,OK
20170831_105001000B95E200_3020212_jpeg_compressed.tif,OK
20170831_105001000B95E200_3020121_jpeg_compressed.tif,OK
20170831_105001000B95E200_3020033_jpeg_compressed.tif,OK
20170831_105001000B95E200_3002230_jpeg_compressed.tif,OK
20170831_105001000B95E200_3020300_jpeg_compressed.tif,OK
20170831_105001000B95E200_3020332_jpeg_compressed.tif,OK
20170831_105001000B95E200_3002322_jpeg_compressed.tif,OK
20170831_105001000B95E200_3020113_jpeg_compressed.tif,Problem
20170831_105001000B95E200_3020133_jpeg_compressed.tif,Problem
20170831_105001000B95E200_3020232_jpeg_compressed.tif,OK
20170831_105001000B95E200_3002303_jpeg_compressed.tif,OK
20170831_105001000B95E200_3002231_jpeg_compressed.tif,OK
20170831_105001000B95E200_3002312_jpeg_compressed.tif,OK
20170831_105001000B95E200_3020320_jpeg_compressed.tif,OK
20170831_105001000B95E200_3020312_jpeg_compressed.tif,OK
20170831_105001000B95E200_3020011_jpeg_compressed.tif,OK
20170831_105001000B95E200_3020302_jpeg_compressed.tif,OK
20170831_105001000B95E200_3002330_jpeg_compressed.tif,OK
20170831_105001000B95E200_3002212_jpeg_compressed.tif,Problem
20170831_105001000B95E200_3002320_jpeg_compressed.tif,OK
20170831_105001000B95E200_3020210_jpeg_compressed.tif,OK
20170831_105001000B95E200_3020321_jpeg_compressed.tif,OK
20170831_105001000B95E200_3020330_jpeg_compressed.tif,OK
20170831_105001000B95E200_3020132_jpeg_compressed.tif,OK
20170831_105001000B95E200_3020231_jpeg_compressed.tif,OK
20170831_105001000B95E200_3020111_jpeg_compressed.tif,Problem
20170831_105001000B95E200_3002331_jpeg_compressed.tif,Problem
20170831_105001000B95E200_3002333_jpeg_compressed.tif,Problem
20170831_105001000B95E200_3002332_jpeg_compressed.tif,OK
20170831_105001000B95E200_3020032_jpeg_compressed.tif,OK
20170831_105001000B95E200_3020331_jpeg_compressed.tif,OK
20170831_105001000B95E200_3020211_jpeg_compressed.tif,OK
20170831_105001000B95E200_3020110_jpeg_compressed.tif,OK
20170831_105001000B95E200_3020013_jpeg_compressed.tif,OK
20170831_105001000B95E200_3020031_jpeg_compressed.tif,OK
20170831_105001000B95E200_3020012_jpeg_compressed.tif,OK
20170831_105001000B95E200_3020131_jpeg_compressed.tif,Problem
20170831_105001000B95E200_3002323_jpeg_compressed.tif,OK
20170831_105001000B95E200_3020030_jpeg_compressed.tif,OK
20170831_105001000B95E200_3020333_jpeg_compressed.tif,OK
20170831_105001000B95E200_3020303_jpeg_compressed.tif,OK
20170831_105001000B95E200_3002302_jpeg_compressed.tif,OK
20170831_105001000B95E200_3002232_jpeg_compressed.tif,OK
20170831_105001000B95E200_3020101_jpeg_compressed.tif,OK
20170831_105001000B95E200_3020323_jpeg_compressed.tif,OK
20170831_105001000B95E200_3002213_jpeg_compressed.tif,Problem
20170831_105001000B95E200_3020311_jpeg_compressed.tif,OK
20170831_105001000B95E200_3002313_jpeg_compressed.tif,Problem
20170831_105001000B95E200_3020010_jpeg_compressed.tif,OK
20170831_105001000B95E200_3020122_jpeg_compressed.tif,OK
20170831_105001000B95E200_3020213_jpeg_compressed.tif,OK
20170831_105001000B95E200_3020112_jpeg_compressed.tif,OK
20170831_105001000B95E200_3020230_jpeg_compressed.tif,OK
20170831_105001000B95E200_3020313_jpeg_compressed.tif,OK
20170831_105001000B95E100_2113331_jpeg_compressed.tif,OK
20170831_105001000B95E100_2131331_jpeg_compressed.tif,OK
20170831_105001000B95E100_3002233_jpeg_compressed.tif,OK
20170831_105001000B95E100_3020233_jpeg_compressed.tif,OK
20170831_105001000B95E100_3020001_jpeg_compressed.tif,OK
20170831_105001000B95E100_3020201_jpeg_compressed.tif,OK
20170831_105001000B95E100_3020220_jpeg_compressed.tif,OK
20170831_105001000B95E100_2113333_jpeg_compressed.tif,OK
20170831_105001000B95E100_3002202_jpeg_compressed.tif,OK
20170831_105001000B95E100_3020212_jpeg_compressed.tif,OK
20170831_105001000B95E100_3020002_jpeg_compressed.tif,OK
20170831_105001000B95E100_2131313_jpeg_compressed.tif,OK
20170831_105001000B95E100_3020033_jpeg_compressed.tif,OK
20170831_105001000B95E100_3002230_jpeg_compressed.tif,OK
20170831_105001000B95E100_2113313_jpeg_compressed.tif,Problem
20170831_105001000B95E100_3020232_jpeg_compressed.tif,OK
20170831_105001000B95E100_3002231_jpeg_compressed.tif,OK
20170831_105001000B95E100_2131131_jpeg_compressed.tif,OK
20170831_105001000B95E100_3002223_jpeg_compressed.tif,OK
20170831_105001000B95E100_3020021_jpeg_compressed.tif,OK
20170831_105001000B95E100_3020011_jpeg_compressed.tif,OK
20170831_105001000B95E100_3002212_jpeg_compressed.tif,OK
20170831_105001000B95E100_3020210_jpeg_compressed.tif,OK
20170831_105001000B95E100_2131311_jpeg_compressed.tif,OK
20170831_105001000B95E100_3020231_jpeg_compressed.tif,OK
20170831_105001000B95E100_3002203_jpeg_compressed.tif,OK
20170831_105001000B95E100_3002222_jpeg_compressed.tif,OK
20170831_105001000B95E100_3020020_jpeg_compressed.tif,OK
20170831_105001000B95E100_2131333_jpeg_compressed.tif,OK
20170831_105001000B95E100_3020032_jpeg_compressed.tif,OK
20170831_105001000B95E100_3020202_jpeg_compressed.tif,OK
20170831_105001000B95E100_3020200_jpeg_compressed.tif,OK
20170831_105001000B95E100_3020211_jpeg_compressed.tif,OK
20170831_105001000B95E100_3020203_jpeg_compressed.tif,OK
20170831_105001000B95E100_3020013_jpeg_compressed.tif,OK
20170831_105001000B95E100_3020031_jpeg_compressed.tif,OK
20170831_105001000B95E100_3020003_jpeg_compressed.tif,OK
20170831_105001000B95E100_3020012_jpeg_compressed.tif,OK
20170831_105001000B95E100_3020221_jpeg_compressed.tif,OK
20170831_105001000B95E100_3020000_jpeg_compressed.tif,OK
20170831_105001000B95E100_3020030_jpeg_compressed.tif,OK
20170831_105001000B95E100_2131113_jpeg_compressed.tif,OK
20170831_105001000B95E100_3002232_jpeg_compressed.tif,OK
20170831_105001000B95E100_3020023_jpeg_compressed.tif,OK
20170831_105001000B95E100_3002213_jpeg_compressed.tif,OK
20170831_105001000B95E100_3020222_jpeg_compressed.tif,OK
20170831_105001000B95E100_3020010_jpeg_compressed.tif,OK
20170831_105001000B95E100_2131133_jpeg_compressed.tif,OK
20170831_105001000B95E100_3020223_jpeg_compressed.tif,OK
20170831_105001000B95E100_3020213_jpeg_compressed.tif,OK
20170831_105001000B95E100_3002221_jpeg_compressed.tif,OK
20170831_105001000B95E100_3002220_jpeg_compressed.tif,OK
20170831_105001000B95E100_3020230_jpeg_compressed.tif,OK
20170831_105001000B95E100_2131111_jpeg_compressed.tif,OK
20170831_103001006D44B500_3000022_jpeg_compressed.tif,Problem
20170831_103001006D44B500_3000322_jpeg_compressed.tif,OK
20170831_103001006D44B500_3002112_jpeg_compressed.tif,OK
20170831_103001006D44B500_3000223_jpeg_compressed.tif,OK
20170831_103001006D44B500_3000222_jpeg_compressed.tif,OK
20170831_103001006D44B500_3002132_jpeg_compressed.tif,Problem
20170831_103001006D44B500_3002000_jpeg_compressed.tif,OK
20170831_103001006D44B500_3002211_jpeg_compressed.tif,Problem
20170831_103001006D44B500_3000210_jpeg_compressed.tif,OK
20170831_103001006D44B500_3000213_jpeg_compressed.tif,OK
20170831_103001006D44B500_3000023_jpeg_compressed.tif,Problem
20170831_103001006D44B500_3002021_jpeg_compressed.tif,OK
20170831_103001006D44B500_3000021_jpeg_compressed.tif,Problem
20170831_103001006D44B500_3000202_jpeg_compressed.tif,OK
20170831_103001006D44B500_3000132_jpeg_compressed.tif,Problem
20170831_103001006D44B500_3002001_jpeg_compressed.tif,OK
20170831_103001006D44B500_3000301_jpeg_compressed.tif,OK
20170831_103001006D44B500_3002103_jpeg_compressed.tif,OK
20170831_103001006D44B500_3000123_jpeg_compressed.tif,OK
20170831_103001006D44B500_3002201_jpeg_compressed.tif,OK
20170831_103001006D44B500_3000121_jpeg_compressed.tif,OK
20170831_103001006D44B500_3000212_jpeg_compressed.tif,OK
20170831_103001006D44B500_3002003_jpeg_compressed.tif,OK
20170831_103001006D44B500_3002012_jpeg_compressed.tif,OK
20170831_103001006D44B500_3000231_jpeg_compressed.tif,OK
20170831_103001006D44B500_3002130_jpeg_compressed.tif,OK
20170831_103001006D44B500_3002002_jpeg_compressed.tif,OK
20170831_103001006D44B500_3002011_jpeg_compressed.tif,OK
20170831_103001006D44B500_3002023_jpeg_compressed.tif,OK
20170831_103001006D44B500_3002120_jpeg_compressed.tif,OK
20170831_103001006D44B500_3002022_jpeg_compressed.tif,OK
20170831_103001006D44B500_3002033_jpeg_compressed.tif,OK
20170831_103001006D44B500_3000031_jpeg_compressed.tif,Problem
20170831_103001006D44B500_3000302_jpeg_compressed.tif,OK
20170831_103001006D44B500_3002200_jpeg_compressed.tif,OK
20170831_103001006D44B500_3002101_jpeg_compressed.tif,OK
20170831_103001006D44B500_3000310_jpeg_compressed.tif,Problem
20170831_103001006D44B500_3002121_jpeg_compressed.tif,OK
20170831_103001006D44B500_3000032_jpeg_compressed.tif,OK
20170831_103001006D44B500_3000233_jpeg_compressed.tif,OK
20170831_103001006D44B500_3000130_jpeg_compressed.tif,Problem
20170831_103001006D44B500_3000321_jpeg_compressed.tif,OK
20170831_103001006D44B500_3000332_jpeg_compressed.tif,Problem
20170831_103001006D44B500_3002123_jpeg_compressed.tif,Problem
20170831_103001006D44B500_3000330_jpeg_compressed.tif,Problem
20170831_103001006D44B500_3000203_jpeg_compressed.tif,OK
20170831_103001006D44B500_3002020_jpeg_compressed.tif,OK
20170831_103001006D44B500_3002010_jpeg_compressed.tif,OK
20170831_103001006D44B500_3000312_jpeg_compressed.tif,Problem
20170831_103001006D44B500_3002310_jpeg_compressed.tif,Problem
20170831_103001006D44B500_3002032_jpeg_compressed.tif,OK
20170831_103001006D44B500_3002031_jpeg_compressed.tif,OK
20170831_103001006D44B500_3000030_jpeg_compressed.tif,Problem
20170831_103001006D44B500_3000230_jpeg_compressed.tif,OK
20170831_103001006D44B500_3002301_jpeg_compressed.tif,Problem
20170831_103001006D44B500_3000211_jpeg_compressed.tif,OK
20170831_103001006D44B500_3002300_jpeg_compressed.tif,Problem
20170831_103001006D44B500_3000232_jpeg_compressed.tif,OK
20170831_103001006D44B500_3000300_jpeg_compressed.tif,OK
20170831_103001006D44B500_3002030_jpeg_compressed.tif,OK
20170831_103001006D44B500_3002100_jpeg_compressed.tif,OK
20170831_103001006D44B500_3002102_jpeg_compressed.tif,OK
20170831_103001006D44B500_3000033_jpeg_compressed.tif,OK
20170831_103001006D44B500_3002122_jpeg_compressed.tif,OK
20170831_103001006D44B500_3000201_jpeg_compressed.tif,OK
20170831_103001006D44B500_3000221_jpeg_compressed.tif,OK
20170831_103001006D44B500_3002013_jpeg_compressed.tif,OK
20170831_103001006D44B500_3000020_jpeg_compressed.tif,Problem
20170831_103001006D44B500_3000122_jpeg_compressed.tif,OK
20170831_103001006D44B500_3002110_jpeg_compressed.tif,Problem
20170831_103001006D44B500_3000220_jpeg_compressed.tif,OK
20170831_103001006D44B500_3000120_jpeg_compressed.tif,OK
20170831_103001006D44B500_3000323_jpeg_compressed.tif,OK
20170831_103001006D44B500_3002210_jpeg_compressed.tif,OK
20170831_103001006D44B500_3000320_jpeg_compressed.tif,OK
20170831_103001006D44B500_3000200_jpeg_compressed.tif,OK
20170831_103001006D44B500_3000303_jpeg_compressed.tif,OK
20170901_1030010070C13600_3030031_jpeg_compressed.tif,OK
20170901_1030010070C13600_3030223_jpeg_compressed.tif,OK
20170901_1030010070C13600_3030220_jpeg_compressed.tif,OK
20170901_1030010070C13600_3021311_jpeg_compressed.tif,OK
20170901_1030010070C13600_3030032_jpeg_compressed.tif,OK
20170901_1030010070C13600_3023111_jpeg_compressed.tif,OK
20170901_1030010070C13600_3021331_jpeg_compressed.tif,OK
20170901_1030010070C13600_3032000_jpeg_compressed.tif,OK
20170901_1030010070C13600_3032011_jpeg_compressed.tif,OK
20170901_1030010070C13600_3030020_jpeg_compressed.tif,OK
20170901_1030010070C13600_3030231_jpeg_compressed.tif,OK
20170901_1030010070C13600_3030013_jpeg_compressed.tif,OK
20170901_1030010070C13600_3030030_jpeg_compressed.tif,OK
20170901_1030010070C13600_3030002_jpeg_compressed.tif,OK
20170901_1030010070C13600_3030213_jpeg_compressed.tif,OK
20170901_1030010070C13600_3030012_jpeg_compressed.tif,OK
20170901_1030010070C13600_3030233_jpeg_compressed.tif,OK
20170901_1030010070C13600_3030221_jpeg_compressed.tif,OK
20170901_1030010070C13600_3030203_jpeg_compressed.tif,OK
20170901_1030010070C13600_3030202_jpeg_compressed.tif,OK
20170901_1030010070C13600_3030222_jpeg_compressed.tif,OK
20170901_1030010070C13600_3030230_jpeg_compressed.tif,OK
20170901_1030010070C13600_3030003_jpeg_compressed.tif,OK
20170901_1030010070C13600_3021333_jpeg_compressed.tif,OK
20170901_1030010070C13600_3030021_jpeg_compressed.tif,OK
20170901_1030010070C13600_3030212_jpeg_compressed.tif,OK
20170901_1030010070C13600_3021313_jpeg_compressed.tif,OK
20170901_1030010070C13600_3030023_jpeg_compressed.tif,OK
20170901_1030010070C13600_3030211_jpeg_compressed.tif,OK
20170901_1030010070C13600_3030232_jpeg_compressed.tif,OK
20170901_1030010070C13600_3021113_jpeg_compressed.tif,OK
20170901_1030010070C13600_3021131_jpeg_compressed.tif,OK
20170901_1030010070C13600_3032010_jpeg_compressed.tif,OK
20170901_1030010070C13600_3032001_jpeg_compressed.tif,OK
20170901_1030010070C13600_3030200_jpeg_compressed.tif,OK
20170901_1030010070C13600_3030033_jpeg_compressed.tif,OK
20170901_1030010070C13600_3030201_jpeg_compressed.tif,OK
20170901_1030010070C13600_3030022_jpeg_compressed.tif,OK
20170901_1030010070C13600_3021133_jpeg_compressed.tif,OK
20170901_1030010070C13600_3030210_jpeg_compressed.tif,OK
20170902_10400100324DAE00_3033020_jpeg_compressed.tif,OK
20170902_10400100324DAE00_3032312_jpeg_compressed.tif,OK
20170902_10400100324DAE00_3032310_jpeg_compressed.tif,OK
20170902_10400100324DAE00_3032132_jpeg_compressed.tif,OK
20170902_10400100324DAE00_3032110_jpeg_compressed.tif,OK
20170902_10400100324DAE00_3032133_jpeg_compressed.tif,OK
20170902_10400100324DAE00_3033220_jpeg_compressed.tif,OK
20170902_10400100324DAE00_3032111_jpeg_compressed.tif,OK
20170902_10400100324DAE00_3032333_jpeg_compressed.tif,OK
20170902_10400100324DAE00_3211000_jpeg_compressed.tif,OK
20170902_10400100324DAE00_3032330_jpeg_compressed.tif,OK
20170902_10400100324DAE00_3210111_jpeg_compressed.tif,OK
20170902_10400100324DAE00_3211002_jpeg_compressed.tif,OK
20170902_10400100324DAE00_3030333_jpeg_compressed.tif,OK
20170902_10400100324DAE00_3033000_jpeg_compressed.tif,OK
20170902_10400100324DAE00_3030330_jpeg_compressed.tif,OK
20170902_10400100324DAE00_3030310_jpeg_compressed.tif,OK
20170902_10400100324DAE00_3031220_jpeg_compressed.tif,OK
20170902_10400100324DAE00_3033222_jpeg_compressed.tif,OK
20170902_10400100324DAE00_3030313_jpeg_compressed.tif,OK
20170902_10400100324DAE00_3210110_jpeg_compressed.tif,OK
20170902_10400100324DAE00_3032130_jpeg_compressed.tif,OK
20170902_10400100324DAE00_3033002_jpeg_compressed.tif,OK
20170902_10400100324DAE00_3210113_jpeg_compressed.tif,OK
20170902_10400100324DAE00_3032331_jpeg_compressed.tif,OK
20170902_10400100324DAE00_3030332_jpeg_compressed.tif,OK
20170902_10400100324DAE00_3030311_jpeg_compressed.tif,OK
20170902_10400100324DAE00_3032311_jpeg_compressed.tif,OK
20170902_10400100324DAE00_3033202_jpeg_compressed.tif,OK
20170902_10400100324DAE00_3032112_jpeg_compressed.tif,OK
20170902_10400100324DAE00_3030331_jpeg_compressed.tif,OK
20170902_10400100324DAE00_3032131_jpeg_compressed.tif,OK
20170902_10400100324DAE00_3032113_jpeg_compressed.tif,OK
20170902_10400100324DAE00_3033022_jpeg_compressed.tif,OK
20170902_10400100324DAE00_3032313_jpeg_compressed.tif,OK
20170902_10400100324DAE00_3031202_jpeg_compressed.tif,OK
20170902_10400100324DAE00_3210112_jpeg_compressed.tif,Problem
20170902_10400100324DAE00_3030312_jpeg_compressed.tif,OK
20170902_10400100324DAE00_3031200_jpeg_compressed.tif,Problem
20170902_10400100324DAE00_3031222_jpeg_compressed.tif,OK
20170902_10400100324DAE00_3033200_jpeg_compressed.tif,OK
20170902_10400100324DAE00_3032332_jpeg_compressed.tif,OK
20170902_1030010071D49400_3020301_jpeg_compressed.tif,OK
20170902_1030010071D49400_3020233_jpeg_compressed.tif,OK
20170902_1030010071D49400_3022102_jpeg_compressed.tif,OK
20170902_1030010071D49400_3022013_jpeg_compressed.tif,OK
20170902_1030010071D49400_3022332_jpeg_compressed.tif,OK
20170902_1030010071D49400_3020310_jpeg_compressed.tif,Problem
20170902_1030010071D49400_3020322_jpeg_compressed.tif,OK
20170902_1030010071D49400_3022100_jpeg_compressed.tif,OK
20170902_1030010071D49400_3022011_jpeg_compressed.tif,OK
20170902_1030010071D49400_3022330_jpeg_compressed.tif,OK
20170902_1030010071D49400_3022312_jpeg_compressed.tif,OK
20170902_1030010071D49400_3022233_jpeg_compressed.tif,OK
20170902_1030010071D49400_3020300_jpeg_compressed.tif,OK
20170902_1030010071D49400_3022103_jpeg_compressed.tif,OK
20170902_1030010071D49400_3020332_jpeg_compressed.tif,OK
20170902_1030010071D49400_3022300_jpeg_compressed.tif,OK
20170902_1030010071D49400_3200110_jpeg_compressed.tif,OK
20170902_1030010071D49400_3022031_jpeg_compressed.tif,OK
20170902_1030010071D49400_3020320_jpeg_compressed.tif,OK
20170902_1030010071D49400_3022211_jpeg_compressed.tif,OK
20170902_1030010071D49400_3020312_jpeg_compressed.tif,OK
20170902_1030010071D49400_3200101_jpeg_compressed.tif,OK
20170902_1030010071D49400_3022231_jpeg_compressed.tif,OK
20170902_1030010071D49400_3020302_jpeg_compressed.tif,OK
20170902_1030010071D49400_3022120_jpeg_compressed.tif,OK
20170902_1030010071D49400_3022301_jpeg_compressed.tif,OK
20170902_1030010071D49400_3020321_jpeg_compressed.tif,OK
20170902_1030010071D49400_3020330_jpeg_compressed.tif,OK
20170902_1030010071D49400_3022322_jpeg_compressed.tif,OK
20170902_1030010071D49400_3020231_jpeg_compressed.tif,OK
20170902_1030010071D49400_3022110_jpeg_compressed.tif,OK
20170902_1030010071D49400_3022112_jpeg_compressed.tif,OK
20170902_1030010071D49400_3022132_jpeg_compressed.tif,OK
20170902_1030010071D49400_3200011_jpeg_compressed.tif,OK
20170902_1030010071D49400_3200100_jpeg_compressed.tif,OK
20170902_1030010071D49400_3022033_jpeg_compressed.tif,OK
20170902_1030010071D49400_3022320_jpeg_compressed.tif,OK
20170902_1030010071D49400_3020211_jpeg_compressed.tif,OK
20170902_1030010071D49400_3022310_jpeg_compressed.tif,OK
20170902_1030010071D49400_3022121_jpeg_compressed.tif,OK
20170902_1030010071D49400_3022323_jpeg_compressed.tif,OK
20170902_1030010071D49400_3020303_jpeg_compressed.tif,OK
20170902_1030010071D49400_3022130_jpeg_compressed.tif,OK
20170902_1030010071D49400_3022123_jpeg_compressed.tif,OK
20170902_1030010071D49400_3022303_jpeg_compressed.tif,OK
20170902_1030010071D49400_3020323_jpeg_compressed.tif,OK
20170902_1030010071D49400_3022213_jpeg_compressed.tif,OK
20170902_1030010071D49400_3022122_jpeg_compressed.tif,OK
20170902_1030010071D49400_3022101_jpeg_compressed.tif,OK
20170902_1030010071D49400_3022302_jpeg_compressed.tif,OK
20170902_1030010071D49400_3020213_jpeg_compressed.tif,OK
20170902_1030010071D49400_3022321_jpeg_compressed.tif,OK
20170902_105001000B9D8100_3032110_jpeg_compressed.tif,OK
20170902_105001000B9D8100_3032111_jpeg_compressed.tif,OK
20170902_105001000B9D8100_3030333_jpeg_compressed.tif,OK
20170902_105001000B9D8100_3030323_jpeg_compressed.tif,OK
20170902_105001000B9D8100_3030332_jpeg_compressed.tif,OK
20170902_105001000B9D8100_3032101_jpeg_compressed.tif,OK
20170902_105001000B9D8000_3020123_jpeg_compressed.tif,OK
20170902_105001000B9D8000_3020301_jpeg_compressed.tif,OK
20170902_105001000B9D8000_3020103_jpeg_compressed.tif,OK
20170902_105001000B9D8000_3020120_jpeg_compressed.tif,OK
20170902_105001000B9D8000_3020102_jpeg_compressed.tif,OK
20170902_105001000B9D8000_3020130_jpeg_compressed.tif,OK
20170902_105001000B9D8000_3020310_jpeg_compressed.tif,OK
20170902_105001000B9D8000_3020322_jpeg_compressed.tif,OK
20170902_105001000B9D8000_3020100_jpeg_compressed.tif,OK
20170902_105001000B9D8000_3020121_jpeg_compressed.tif,OK
20170902_105001000B9D8000_3020300_jpeg_compressed.tif,OK
20170902_105001000B9D8000_3020332_jpeg_compressed.tif,OK
20170902_105001000B9D8000_3020320_jpeg_compressed.tif,OK
20170902_105001000B9D8000_3020312_jpeg_compressed.tif,OK
20170902_105001000B9D8000_3020302_jpeg_compressed.tif,OK
20170902_105001000B9D8000_3020321_jpeg_compressed.tif,OK
20170902_105001000B9D8000_3020330_jpeg_compressed.tif,OK
20170902_105001000B9D8000_3020132_jpeg_compressed.tif,OK
20170902_105001000B9D8000_3020110_jpeg_compressed.tif,OK
20170902_105001000B9D8000_3020303_jpeg_compressed.tif,OK
20170902_105001000B9D8000_3020101_jpeg_compressed.tif,OK
20170902_105001000B9D8000_3020323_jpeg_compressed.tif,OK
20170902_105001000B9D8000_3020122_jpeg_compressed.tif,OK
20170902_105001000B9D8000_3020112_jpeg_compressed.tif,OK
20170902_105001000B9D7F00_3032110_jpeg_compressed.tif,OK
20170902_105001000B9D7F00_3030322_jpeg_compressed.tif,OK
20170902_105001000B9D7F00_3030112_jpeg_compressed.tif,OK
20170902_105001000B9D7F00_3030132_jpeg_compressed.tif,OK
20170902_105001000B9D7F00_3030120_jpeg_compressed.tif,OK
20170902_105001000B9D7F00_3030300_jpeg_compressed.tif,OK
20170902_105001000B9D7F00_3030320_jpeg_compressed.tif,OK
20170902_105001000B9D7F00_3030330_jpeg_compressed.tif,OK
20170902_105001000B9D7F00_3030323_jpeg_compressed.tif,OK
20170902_105001000B9D7F00_3030310_jpeg_compressed.tif,OK
20170902_105001000B9D7F00_3030302_jpeg_compressed.tif,OK
20170902_105001000B9D7F00_3032100_jpeg_compressed.tif,OK
20170902_105001000B9D7F00_3030332_jpeg_compressed.tif,OK
20170902_105001000B9D7F00_3030301_jpeg_compressed.tif,OK
20170902_105001000B9D7F00_3030303_jpeg_compressed.tif,OK
20170902_105001000B9D7F00_3032101_jpeg_compressed.tif,OK
20170902_105001000B9D7F00_3030321_jpeg_compressed.tif,OK
20170902_105001000B9D7F00_3030121_jpeg_compressed.tif,OK
20170902_105001000B9D7F00_3030122_jpeg_compressed.tif,OK
20170902_105001000B9D7F00_3030130_jpeg_compressed.tif,OK
20170902_105001000B9D7F00_3030102_jpeg_compressed.tif,OK
20170902_105001000B9D7F00_3030312_jpeg_compressed.tif,OK
20170902_105001000B9D7F00_3030123_jpeg_compressed.tif,OK
20170902_105001000B9D7F00_3030103_jpeg_compressed.tif,OK
20170902_105001000B9D7E00_3030031_jpeg_compressed.tif,OK
20170902_105001000B9D7E00_3030322_jpeg_compressed.tif,OK
20170902_105001000B9D7E00_3030032_jpeg_compressed.tif,OK
20170902_105001000B9D7E00_3032011_jpeg_compressed.tif,OK
20170902_105001000B9D7E00_3030231_jpeg_compressed.tif,OK
20170902_105001000B9D7E00_3030120_jpeg_compressed.tif,OK
20170902_105001000B9D7E00_3030013_jpeg_compressed.tif,OK
20170902_105001000B9D7E00_3030030_jpeg_compressed.tif,OK
20170902_105001000B9D7E00_3030300_jpeg_compressed.tif,OK
20170902_105001000B9D7E00_3030320_jpeg_compressed.tif,OK
20170902_105001000B9D7E00_3030213_jpeg_compressed.tif,OK
20170902_105001000B9D7E00_3030012_jpeg_compressed.tif,OK
20170902_105001000B9D7E00_3030233_jpeg_compressed.tif,OK
20170902_105001000B9D7E00_3030302_jpeg_compressed.tif,OK
20170902_105001000B9D7E00_3032100_jpeg_compressed.tif,OK
20170902_105001000B9D7E00_3030230_jpeg_compressed.tif,OK
20170902_105001000B9D7E00_3030212_jpeg_compressed.tif,OK
20170902_105001000B9D7E00_3030122_jpeg_compressed.tif,OK
20170902_105001000B9D7E00_3030211_jpeg_compressed.tif,OK
20170902_105001000B9D7E00_3030232_jpeg_compressed.tif,OK
20170902_105001000B9D7E00_3030102_jpeg_compressed.tif,OK
20170902_105001000B9D7E00_3032010_jpeg_compressed.tif,OK
20170902_105001000B9D7E00_3030033_jpeg_compressed.tif,OK
20170902_105001000B9D7E00_3030210_jpeg_compressed.tif,OK
20170902_103001006F3C8400_3023313_jpeg_compressed.tif,OK
20170902_103001006F3C8400_3023300_jpeg_compressed.tif,OK
20170902_103001006F3C8400_3021312_jpeg_compressed.tif,OK
20170902_103001006F3C8400_3023303_jpeg_compressed.tif,OK
20170902_103001006F3C8400_3021311_jpeg_compressed.tif,OK
20170902_103001006F3C8400_3201112_jpeg_compressed.tif,OK
20170902_103001006F3C8400_3201110_jpeg_compressed.tif,OK
20170902_103001006F3C8400_3023102_jpeg_compressed.tif,OK
20170902_103001006F3C8400_3023121_jpeg_compressed.tif,OK
20170902_103001006F3C8400_3021300_jpeg_compressed.tif,OK
20170902_103001006F3C8400_3023101_jpeg_compressed.tif,OK
20170902_103001006F3C8400_3023111_jpeg_compressed.tif,OK
20170902_103001006F3C8400_3021331_jpeg_compressed.tif,OK
20170902_103001006F3C8400_3201113_jpeg_compressed.tif,OK
20170902_103001006F3C8400_3023312_jpeg_compressed.tif,OK
20170902_103001006F3C8400_3023330_jpeg_compressed.tif,OK
20170902_103001006F3C8400_3023110_jpeg_compressed.tif,OK
20170902_103001006F3C8400_3021332_jpeg_compressed.tif,OK
20170902_103001006F3C8400_3023130_jpeg_compressed.tif,OK
20170902_103001006F3C8400_3023132_jpeg_compressed.tif,OK
20170902_103001006F3C8400_3023332_jpeg_compressed.tif,OK
20170902_103001006F3C8400_3023113_jpeg_compressed.tif,OK
20170902_103001006F3C8400_3021132_jpeg_compressed.tif,Problem
20170902_103001006F3C8400_3021301_jpeg_compressed.tif,OK
20170902_103001006F3C8400_3023131_jpeg_compressed.tif,OK
20170902_103001006F3C8400_3021123_jpeg_compressed.tif,OK
20170902_103001006F3C8400_3201102_jpeg_compressed.tif,Problem
20170902_103001006F3C8400_3023301_jpeg_compressed.tif,OK
20170902_103001006F3C8400_3023112_jpeg_compressed.tif,OK
20170902_103001006F3C8400_3023100_jpeg_compressed.tif,OK
20170902_103001006F3C8400_3021330_jpeg_compressed.tif,OK
20170902_103001006F3C8400_3023302_jpeg_compressed.tif,OK
20170902_103001006F3C8400_3201101_jpeg_compressed.tif,OK
20170902_103001006F3C8400_3021322_jpeg_compressed.tif,OK
20170902_103001006F3C8400_3021303_jpeg_compressed.tif,OK
20170902_103001006F3C8400_3023122_jpeg_compressed.tif,OK
20170902_103001006F3C8400_3023321_jpeg_compressed.tif,OK
20170902_103001006F3C8400_3023120_jpeg_compressed.tif,OK
20170902_103001006F3C8400_3201100_jpeg_compressed.tif,OK
20170902_103001006F3C8400_3023323_jpeg_compressed.tif,OK
20170902_103001006F3C8400_3021333_jpeg_compressed.tif,OK
20170902_103001006F3C8400_3021302_jpeg_compressed.tif,OK
20170902_103001006F3C8400_3023331_jpeg_compressed.tif,OK
20170902_103001006F3C8400_3023123_jpeg_compressed.tif,OK
20170902_103001006F3C8400_3023133_jpeg_compressed.tif,OK
20170902_103001006F3C8400_3023322_jpeg_compressed.tif,OK
20170902_103001006F3C8400_3023311_jpeg_compressed.tif,OK
20170902_103001006F3C8400_3021313_jpeg_compressed.tif,OK
20170902_103001006F3C8400_3023103_jpeg_compressed.tif,OK
20170902_103001006F3C8400_3021310_jpeg_compressed.tif,OK
20170902_103001006F3C8400_3023310_jpeg_compressed.tif,OK
20170902_103001006F3C8400_3021323_jpeg_compressed.tif,OK
20170902_103001006F3C8400_3021122_jpeg_compressed.tif,OK
20170902_103001006F3C8400_3023320_jpeg_compressed.tif,OK
20170902_103001006F3C8400_3201111_jpeg_compressed.tif,OK
20170902_103001006F3C8400_3023333_jpeg_compressed.tif,OK
20170902_103001006F3C8400_3201103_jpeg_compressed.tif,OK
20170902_103001006F3C8400_3021320_jpeg_compressed.tif,OK
20170902_103001006F3C8400_3021321_jpeg_compressed.tif,OK
20170902_103001006F3C8400_3021133_jpeg_compressed.tif,Problem
20170903_1040010032298700_2131331_jpeg_compressed.tif,OK
20170903_1040010032298700_3020001_jpeg_compressed.tif,OK
20170903_1040010032298700_3020201_jpeg_compressed.tif,OK
20170903_1040010032298700_3020220_jpeg_compressed.tif,OK
20170903_1040010032298700_3020002_jpeg_compressed.tif,OK
20170903_1040010032298700_2131313_jpeg_compressed.tif,OK
20170903_1040010032298700_2131131_jpeg_compressed.tif,OK
20170903_1040010032298700_3020021_jpeg_compressed.tif,OK
20170903_1040010032298700_2131311_jpeg_compressed.tif,OK
20170903_1040010032298700_3020020_jpeg_compressed.tif,OK
20170903_1040010032298700_2131333_jpeg_compressed.tif,OK
20170903_1040010032298700_3020202_jpeg_compressed.tif,OK
20170903_1040010032298700_3020022_jpeg_compressed.tif,OK
20170903_1040010032298700_3020200_jpeg_compressed.tif,OK
20170903_1040010032298700_3020203_jpeg_compressed.tif,OK
20170903_1040010032298700_3020003_jpeg_compressed.tif,OK
20170903_1040010032298700_3020221_jpeg_compressed.tif,OK
20170903_1040010032298700_3020000_jpeg_compressed.tif,OK
20170903_1040010032298700_2131113_jpeg_compressed.tif,OK
20170903_1040010032298700_3020023_jpeg_compressed.tif,OK
20170903_1040010032298700_3020222_jpeg_compressed.tif,OK
20170903_1040010032298700_2131133_jpeg_compressed.tif,OK
20170903_1040010032298700_3020223_jpeg_compressed.tif,OK
20170903_1040010032298700_2131111_jpeg_compressed.tif,OK
20170903_1040010031278100_3020233_jpeg_compressed.tif,OK
20170903_1040010031278100_3020120_jpeg_compressed.tif,OK
20170903_1040010031278100_3020102_jpeg_compressed.tif,OK
20170903_1040010031278100_3020322_jpeg_compressed.tif,OK
20170903_1040010031278100_3020100_jpeg_compressed.tif,OK
20170903_1040010031278100_3020212_jpeg_compressed.tif,OK
20170903_1040010031278100_3020033_jpeg_compressed.tif,OK
20170903_1040010031278100_3020300_jpeg_compressed.tif,OK
20170903_1040010031278100_3020232_jpeg_compressed.tif,OK
20170903_1040010031278100_3020320_jpeg_compressed.tif,OK
20170903_1040010031278100_3020011_jpeg_compressed.tif,OK
20170903_1040010031278100_3020302_jpeg_compressed.tif,OK
20170903_1040010031278100_3020210_jpeg_compressed.tif,OK
20170903_1040010031278100_3020231_jpeg_compressed.tif,OK
20170903_1040010031278100_3020032_jpeg_compressed.tif,OK
20170903_1040010031278100_3020211_jpeg_compressed.tif,OK
20170903_1040010031278100_3020013_jpeg_compressed.tif,OK
20170903_1040010031278100_3020031_jpeg_compressed.tif,OK
20170903_1040010031278100_3020012_jpeg_compressed.tif,OK
20170903_1040010031278100_3020030_jpeg_compressed.tif,OK
20170903_1040010031278100_3020010_jpeg_compressed.tif,OK
20170903_1040010031278100_3020122_jpeg_compressed.tif,OK
20170903_1040010031278100_3020230_jpeg_compressed.tif,OK
20170903_10400100319BA200_2110100_jpeg_compressed.tif,OK
20170903_10400100319BA200_0332231_jpeg_compressed.tif,OK
20170903_10400100319BA200_0332322_jpeg_compressed.tif,OK
20170903_10400100319BA200_2110103_jpeg_compressed.tif,OK
20170903_10400100319BA200_0332321_jpeg_compressed.tif,OK
20170903_10400100319BA200_2110121_jpeg_compressed.tif,OK
20170903_10400100319BA200_2110031_jpeg_compressed.tif,OK
20170903_10400100319BA200_0332233_jpeg_compressed.tif,OK
20170903_10400100319BA200_0332323_jpeg_compressed.tif,OK
20170903_10400100319BA200_2110120_jpeg_compressed.tif,OK
20170903_10400100319BA200_0332320_jpeg_compressed.tif,OK
20170903_10400100319BA200_2110011_jpeg_compressed.tif,OK
20170903_10400100319BA200_2110013_jpeg_compressed.tif,OK
20170903_10400100319BA200_2110101_jpeg_compressed.tif,OK
20170903_10400100319BA200_2110102_jpeg_compressed.tif,OK
20170903_1040010032A12D00_3020123_jpeg_compressed.tif,OK
20170903_1040010032A12D00_3020301_jpeg_compressed.tif,OK
20170903_1040010032A12D00_3020103_jpeg_compressed.tif,OK
20170903_1040010032A12D00_3020130_jpeg_compressed.tif,OK
20170903_1040010032A12D00_3020310_jpeg_compressed.tif,OK
20170903_1040010032A12D00_3020121_jpeg_compressed.tif,OK
20170903_1040010032A12D00_3020332_jpeg_compressed.tif,OK
20170903_1040010032A12D00_3020113_jpeg_compressed.tif,OK
20170903_1040010032A12D00_3020133_jpeg_compressed.tif,OK
20170903_1040010032A12D00_3020312_jpeg_compressed.tif,OK
20170903_1040010032A12D00_3020321_jpeg_compressed.tif,OK
20170903_1040010032A12D00_3020330_jpeg_compressed.tif,OK
20170903_1040010032A12D00_3020132_jpeg_compressed.tif,OK
20170903_1040010032A12D00_3020111_jpeg_compressed.tif,OK
20170903_1040010032A12D00_3002333_jpeg_compressed.tif,Problem
20170903_1040010032A12D00_3002332_jpeg_compressed.tif,Problem
20170903_1040010032A12D00_3020331_jpeg_compressed.tif,OK
20170903_1040010032A12D00_3020110_jpeg_compressed.tif,OK
20170903_1040010032A12D00_3020131_jpeg_compressed.tif,OK
20170903_1040010032A12D00_3002323_jpeg_compressed.tif,OK
20170903_1040010032A12D00_3020333_jpeg_compressed.tif,OK
20170903_1040010032A12D00_3020303_jpeg_compressed.tif,OK
20170903_1040010032A12D00_3020101_jpeg_compressed.tif,OK
20170903_1040010032A12D00_3020323_jpeg_compressed.tif,OK
20170903_1040010032A12D00_3020311_jpeg_compressed.tif,OK
20170903_1040010032A12D00_3020112_jpeg_compressed.tif,OK
20170903_1040010032A12D00_3020313_jpeg_compressed.tif,OK
